<?xml version="1.0" encoding="UTF-8" standalone="no"?>
<ScratchFile FileVersion="3.0">
  <FileVersion>3.0</FileVersion>
  <Workspace>
    <WorkspaceType>Single-project</WorkspaceType>
    <WorkspacePath>/home/apidev/Documents/stage_API_2020/cubeIDE/workspace/integrateWANL0/</WorkspacePath>
    <underRoot>true</underRoot>
    <TrustZone>0</TrustZone>
    <HAL_Driver>/home/apidev/STM32Cube/Repository//STM32Cube_FW_L0_V1.11.2</HAL_Driver>
    <CMSIS>Drivers/CMSIS</CMSIS>
    <Toolchain>STM32CubeIDE</Toolchain>
    <IocFile>integrateWANL0.ioc</IocFile>
    <Project>
      <ProjectName>integrateWANL0</ProjectName>
      <ProjectNature>CPP</ProjectNature>
      <Secure/>
      <filestoremove/>
      <sourceEntriesToRemove>
        <sourceEntry/>
      </sourceEntriesToRemove>
      <configs>
        <config>
          <name>integrateWANL0</name>
          <mainSourceRepo>Core</mainSourceRepo>
          <sourceStructure>Advanced</sourceStructure>
          <device>STM32L073RZTx</device>
          <cpucore>Arm Cortex-M0+</cpucore>
          <fpu>none</fpu>
          <memories>
            <memory access="xrw" name="RAM" size="20" start="0x20000000"/>
            <memory access="rx" name="FLASH" size="192" start="0x8000000"/>
          </memories>
          <startup>/home/apidev/STM32Cube/Repository//STM32Cube_FW_L0_V1.11.2/Drivers/CMSIS/Device\ST\STM32L0xx\Source\Templates\gcc\startup_stm32l073xx.s</startup>
          <LinkSettings>
            <LinkAdditionalLibs/>
          </LinkSettings>
          <heapSize>0x200</heapSize>
          <stackSize>0x400</stackSize>
          <board>custom</board>
          <debugprobe/>
          <optimization/>
          <Aincludes>
            <include/>
          </Aincludes>
          <Adefines/>
          <Cdefines>
            <define>USE_HAL_DRIVER</define>
            <define>STM32L073xx</define>
          </Cdefines>
          <Ldefines/>
          <Cincludes>
            <include>Core/Inc</include>
            <include>Drivers/STM32L0xx_HAL_Driver/Inc</include>
            <include>Drivers/STM32L0xx_HAL_Driver/Inc/Legacy</include>
            <include>Drivers/CMSIS/Device/ST/STM32L0xx/Include</include>
            <include>Drivers/CMSIS/Include</include>
          </Cincludes>
          <definestoremove>
            <Adefines/>
            <Cdefines>
              <define>USE_FULL_LL_DRIVER</define>
              <define>MBEDTLS_CONFIG_FILE="mbedtls_config.h"</define>
              <define>USE_FULL_ASSERT=1U</define>
            </Cdefines>
            <Ldefines/>
          </definestoremove>
          <inctoremove>
            <Aincludes>
              <include/>
            </Aincludes>
            <Cincludes/>
          </inctoremove>
        </config>
      </configs>
      <copyAsReference>false</copyAsReference>
      <sourceEntries>
        <sourceEntry>
          <name>Core</name>
        </sourceEntry>
        <sourceEntry>
          <name>Drivers</name>
        </sourceEntry>
      </sourceEntries>
      <Groups/>
    </Project>
  </Workspace>
</ScratchFile>
